"","X1","X2"
"1","3483203","user3483203"
"2","3877338","johne"
"3","6671176","sacul"
"4","4124317","importanceofbeingernest"
"5","2487184","ct-zhu"
"6","6207849","nickil-maveli"
"7","624829","boud"
"8","6287308","vaishali"
"9","3510736","ami-tavory"
"10","3339965","root"
"11","9209546","jpp"
"12","1552748","paul-h"
"13","3707607","ted-petrou"
"14","1889400","tomaugspurger"
"15","1494637","stefan"
"16","4800652","dark"
"17","3293881","divakar"
"18","7964527","w-b"
"19","4909087","coldspeed"
"20","6361531","scott-boston"
"21","2137255","zero"
"22","3657742","chrisb"
"23","625914","behzad-nouri"
"24","1744834","roman-pekar"
"25","2285236","ayhan"
"26","4983450","psidom"
"27","772649","hyry"
"28","3923281","alex-riley"
"29","5741205","maxu"
"30","2336654","pirsquared"
"31","2411802","alexander"
"32","2901002","jezrael"
"33","1427416","brenbarn"
"34","653364","joris"
"35","704848","edchum"
"36","487339","dsm"
"37","190597","unutbu"
"38","644898","jeff"
"39","776560","wes-mckinney"
"40","1240268","andy-hayden"
